{"1": [-0.3378538381892019, 0.3985142484169747], "time": 174517, "2": [-1.5868939561899404, -0.3402643325940495]}