{"1": [0.15057821903986704, -0.0004120026331399523], "2": [0.009181480130242588, -0.14386908265599874], "time": 104647}