{"1": [-1.2800003213382025, 0.5700001058892331], "2": [-1.24999995455391, -0.3799997629977136], "time": 161630}