{"1": [-1.84, 2.359595491764627], "time": 104658, "2": [-1.9967467923029152, 1.1762223354749084]}